<?xml version="1.0" encoding="UTF-8" standalone="yes"?>
<office:document-content xmlns:anim="urn:oasis:names:tc:opendocument:xmlns:animation:1.0" xmlns:chart="urn:oasis:names:tc:opendocument:xmlns:chart:1.0" xmlns:config="urn:oasis:names:tc:opendocument:xmlns:config:1.0" xmlns:dc="http://purl.org/dc/elements/1.1/" xmlns:dr3d="urn:oasis:names:tc:opendocument:xmlns:dr3d:1.0" xmlns:draw="urn:oasis:names:tc:opendocument:xmlns:drawing:1.0" xmlns:fo="urn:oasis:names:tc:opendocument:xmlns:xsl-fo-compatible:1.0" xmlns:form="urn:oasis:names:tc:opendocument:xmlns:form:1.0" xmlns:math="http://www.w3.org/1998/Math/MathML" xmlns:meta="urn:oasis:names:tc:opendocument:xmlns:meta:1.0" xmlns:number="urn:oasis:names:tc:opendocument:xmlns:datastyle:1.0" xmlns:office="urn:oasis:names:tc:opendocument:xmlns:office:1.0" xmlns:presentation="urn:oasis:names:tc:opendocument:xmlns:presentation:1.0" xmlns:script="urn:oasis:names:tc:opendocument:xmlns:script:1.0" xmlns:smil="urn:oasis:names:tc:opendocument:xmlns:smil-compatible:1.0" xmlns:style="urn:oasis:names:tc:opendocument:xmlns:style:1.0" xmlns:svg="urn:oasis:names:tc:opendocument:xmlns:svg-compatible:1.0" xmlns:table="urn:oasis:names:tc:opendocument:xmlns:table:1.0" xmlns:text="urn:oasis:names:tc:opendocument:xmlns:text:1.0" xmlns:xforms="http://www.w3.org/2002/xforms" xmlns:xlink="http://www.w3.org/1999/xlink"><office:font-face-decls><style:font-face style:name="Arial" svg:font-family="Arial" style:font-family-generic="swiss" style:font-pitch="variable" svg:panose-1="2 11 6 4 2 2 2 2 2 4"/><style:font-face style:name="Times New Roman" svg:font-family="Times New Roman" style:font-family-generic="roman" style:font-pitch="variable" svg:panose-1="2 2 6 3 5 4 5 2 3 4"/><style:font-face style:name="Verdana" svg:font-family="Verdana" style:font-family-generic="swiss" style:font-pitch="variable" svg:panose-1="2 11 6 4 3 5 4 4 2 4"/><style:font-face style:name="Courier New" svg:font-family="Courier New" style:font-family-generic="modern" style:font-pitch="fixed" svg:panose-1="2 7 3 9 2 2 5 2 4 4"/><style:font-face style:name="Cambria" svg:font-family="Cambria" style:font-family-generic="roman" style:font-pitch="variable" svg:panose-1="2 4 5 3 5 4 6 3 2 4"/><style:font-face style:name="Tahoma" svg:font-family="Tahoma" style:font-family-generic="swiss" style:font-pitch="variable" svg:panose-1="2 11 6 4 3 5 4 4 2 4"/><style:font-face style:name="Symbol" style:font-charset="x-symbol" svg:font-family="Symbol" style:font-family-generic="roman" style:font-pitch="variable" svg:panose-1="5 5 1 2 1 7 6 2 5 7"/><style:font-face style:name="Calibri" svg:font-family="Calibri" style:font-family-generic="swiss" style:font-pitch="variable" svg:panose-1="2 15 5 2 2 2 4 3 2 4"/></office:font-face-decls><office:automatic-styles><text:list-style style:name="LFO2"><text:list-level-style-bullet text:level="1" text:style-name="WW_CharLFO2LVL1" text:bullet-char=""><style:list-level-properties text:space-before="0in" text:min-label-width="0.25in"/><style:text-properties style:font-name="Symbol"/></text:list-level-style-bullet></text:list-style><style:style style:name="P1" style:parent-style-name="Name" style:master-page-name="MP0" style:family="paragraph"><style:paragraph-properties fo:break-before="page"><style:tab-stops><style:tab-stop style:type="left" style:position="0.5in"/><style:tab-stop style:type="left" style:position="1in"/><style:tab-stop style:type="left" style:position="1.5in"/><style:tab-stop style:type="left" style:position="2in"/><style:tab-stop style:type="left" style:position="2.5in"/><style:tab-stop style:type="left" style:position="3in"/><style:tab-stop style:type="left" style:position="3.5in"/><style:tab-stop style:type="left" style:position="4in"/><style:tab-stop style:type="left" style:position="4.5in"/><style:tab-stop style:type="left" style:position="5in"/><style:tab-stop style:type="left" style:position="5.5in"/><style:tab-stop style:type="left" style:position="6in"/><style:tab-stop style:type="left" style:position="6.5in"/><style:tab-stop style:type="left" style:position="7in"/></style:tab-stops></style:paragraph-properties></style:style><style:style style:name="P4" style:parent-style-name="Address" style:family="paragraph"><style:paragraph-properties><style:tab-stops><style:tab-stop style:type="left" style:position="0in"/><style:tab-stop style:type="left" style:position="0.25in"/><style:tab-stop style:type="left" style:position="0.75in"/><style:tab-stop style:type="left" style:position="1.25in"/><style:tab-stop style:type="left" style:position="1.75in"/><style:tab-stop style:type="left" style:position="2.25in"/><style:tab-stop style:type="left" style:position="2.75in"/><style:tab-stop style:type="left" style:position="3.25in"/><style:tab-stop style:type="left" style:position="3.75in"/><style:tab-stop style:type="left" style:position="4.25in"/><style:tab-stop style:type="left" style:position="4.75in"/><style:tab-stop style:type="left" style:position="5.25in"/><style:tab-stop style:type="left" style:position="5.75in"/><style:tab-stop style:type="left" style:position="6.25in"/></style:tab-stops></style:paragraph-properties></style:style><style:style style:name="P5" style:parent-style-name="Address" style:family="paragraph"><style:paragraph-properties><style:tab-stops><style:tab-stop style:type="left" style:position="0in"/><style:tab-stop style:type="left" style:position="0.25in"/><style:tab-stop style:type="left" style:position="0.75in"/><style:tab-stop style:type="left" style:position="1.25in"/><style:tab-stop style:type="left" style:position="1.75in"/><style:tab-stop style:type="left" style:position="2.25in"/><style:tab-stop style:type="left" style:position="2.75in"/><style:tab-stop style:type="left" style:position="3.25in"/><style:tab-stop style:type="left" style:position="3.75in"/><style:tab-stop style:type="left" style:position="4.25in"/><style:tab-stop style:type="left" style:position="4.75in"/><style:tab-stop style:type="left" style:position="5.25in"/><style:tab-stop style:type="left" style:position="5.75in"/><style:tab-stop style:type="left" style:position="6.25in"/></style:tab-stops></style:paragraph-properties></style:style><style:style style:name="P6" style:parent-style-name="Address" style:family="paragraph"><style:paragraph-properties><style:tab-stops><style:tab-stop style:type="left" style:position="0in"/><style:tab-stop style:type="left" style:position="0.25in"/><style:tab-stop style:type="left" style:position="0.75in"/><style:tab-stop style:type="left" style:position="1.25in"/><style:tab-stop style:type="left" style:position="1.75in"/><style:tab-stop style:type="left" style:position="2.25in"/><style:tab-stop style:type="left" style:position="2.75in"/><style:tab-stop style:type="left" style:position="3.25in"/><style:tab-stop style:type="left" style:position="3.75in"/><style:tab-stop style:type="left" style:position="4.25in"/><style:tab-stop style:type="left" style:position="4.75in"/><style:tab-stop style:type="left" style:position="5.25in"/><style:tab-stop style:type="left" style:position="5.75in"/><style:tab-stop style:type="left" style:position="6.25in"/></style:tab-stops></style:paragraph-properties></style:style><style:style style:name="P7" style:parent-style-name="Address" style:family="paragraph"><style:paragraph-properties><style:tab-stops><style:tab-stop style:type="left" style:position="0in"/><style:tab-stop style:type="left" style:position="0.25in"/><style:tab-stop style:type="left" style:position="0.75in"/><style:tab-stop style:type="left" style:position="1.25in"/><style:tab-stop style:type="left" style:position="1.75in"/><style:tab-stop style:type="left" style:position="2.25in"/><style:tab-stop style:type="left" style:position="2.75in"/><style:tab-stop style:type="left" style:position="3.25in"/><style:tab-stop style:type="left" style:position="3.75in"/><style:tab-stop style:type="left" style:position="4.25in"/><style:tab-stop style:type="left" style:position="4.75in"/><style:tab-stop style:type="left" style:position="5.25in"/><style:tab-stop style:type="left" style:position="5.75in"/><style:tab-stop style:type="left" style:position="6.25in"/></style:tab-stops></style:paragraph-properties></style:style><style:style style:name="P8" style:parent-style-name="ResumeHeadings" style:family="paragraph"><style:paragraph-properties><style:tab-stops><style:tab-stop style:type="left" style:position="0.5in"/><style:tab-stop style:type="left" style:position="1in"/><style:tab-stop style:type="left" style:position="1.5in"/><style:tab-stop style:type="left" style:position="2in"/><style:tab-stop style:type="left" style:position="2.5in"/><style:tab-stop style:type="left" style:position="3in"/><style:tab-stop style:type="left" style:position="3.5in"/><style:tab-stop style:type="left" style:position="4in"/><style:tab-stop style:type="left" style:position="4.5in"/><style:tab-stop style:type="left" style:position="5in"/><style:tab-stop style:type="left" style:position="5.5in"/><style:tab-stop style:type="left" style:position="6in"/><style:tab-stop style:type="left" style:position="6.5in"/><style:tab-stop style:type="left" style:position="7in"/></style:tab-stops></style:paragraph-properties></style:style><style:style style:name="P9" style:parent-style-name="BusinessNameDates" style:family="paragraph"><style:paragraph-properties><style:tab-stops><style:tab-stop style:type="left" style:position="0.5in"/><style:tab-stop style:type="left" style:position="1in"/><style:tab-stop style:type="left" style:position="1.5in"/><style:tab-stop style:type="left" style:position="2in"/><style:tab-stop style:type="left" style:position="2.5in"/><style:tab-stop style:type="left" style:position="3in"/><style:tab-stop style:type="left" style:position="3.5in"/><style:tab-stop style:type="left" style:position="4in"/><style:tab-stop style:type="left" style:position="4.5in"/><style:tab-stop style:type="left" style:position="5in"/><style:tab-stop style:type="left" style:position="5.5in"/><style:tab-stop style:type="left" style:position="6in"/><style:tab-stop style:type="left" style:position="6.5in"/><style:tab-stop style:type="left" style:position="7in"/></style:tab-stops></style:paragraph-properties></style:style><style:style style:name="P10" style:parent-style-name="Overviewbullets" style:family="paragraph"><style:paragraph-properties><style:tab-stops><style:tab-stop style:type="left" style:position="0in"/><style:tab-stop style:type="left" style:position="0.25in"/><style:tab-stop style:type="left" style:position="0.75in"/><style:tab-stop style:type="left" style:position="1.25in"/><style:tab-stop style:type="left" style:position="1.75in"/><style:tab-stop style:type="left" style:position="2.25in"/><style:tab-stop style:type="left" style:position="2.75in"/><style:tab-stop style:type="left" style:position="3.25in"/><style:tab-stop style:type="left" style:position="3.75in"/><style:tab-stop style:type="left" style:position="4.25in"/><style:tab-stop style:type="left" style:position="4.75in"/><style:tab-stop style:type="left" style:position="5.25in"/><style:tab-stop style:type="left" style:position="5.75in"/><style:tab-stop style:type="left" style:position="6.25in"/></style:tab-stops></style:paragraph-properties></style:style><style:style style:name="P11" style:parent-style-name="BusinessNameDates" style:family="paragraph"><style:paragraph-properties><style:tab-stops><style:tab-stop style:type="left" style:position="0.5in"/><style:tab-stop style:type="left" style:position="1in"/><style:tab-stop style:type="left" style:position="1.5in"/><style:tab-stop style:type="left" style:position="2in"/><style:tab-stop style:type="left" style:position="2.5in"/><style:tab-stop style:type="left" style:position="3in"/><style:tab-stop style:type="left" style:position="3.5in"/><style:tab-stop style:type="left" style:position="4in"/><style:tab-stop style:type="left" style:position="4.5in"/><style:tab-stop style:type="left" style:position="5in"/><style:tab-stop style:type="left" style:position="5.5in"/><style:tab-stop style:type="left" style:position="6in"/><style:tab-stop style:type="left" style:position="6.5in"/><style:tab-stop style:type="left" style:position="7in"/></style:tab-stops></style:paragraph-properties></style:style><style:style style:name="P12" style:parent-style-name="Overviewbullets" style:family="paragraph"><style:paragraph-properties><style:tab-stops><style:tab-stop style:type="left" style:position="0in"/><style:tab-stop style:type="left" style:position="0.25in"/><style:tab-stop style:type="left" style:position="0.75in"/><style:tab-stop style:type="left" style:position="1.25in"/><style:tab-stop style:type="left" style:position="1.75in"/><style:tab-stop style:type="left" style:position="2.25in"/><style:tab-stop style:type="left" style:position="2.75in"/><style:tab-stop style:type="left" style:position="3.25in"/><style:tab-stop style:type="left" style:position="3.75in"/><style:tab-stop style:type="left" style:position="4.25in"/><style:tab-stop style:type="left" style:position="4.75in"/><style:tab-stop style:type="left" style:position="5.25in"/><style:tab-stop style:type="left" style:position="5.75in"/><style:tab-stop style:type="left" style:position="6.25in"/></style:tab-stops></style:paragraph-properties></style:style><style:style style:name="P13" style:parent-style-name="BusinessNameDates" style:family="paragraph"><style:paragraph-properties><style:tab-stops><style:tab-stop style:type="left" style:position="0.5in"/><style:tab-stop style:type="left" style:position="1in"/><style:tab-stop style:type="left" style:position="1.5in"/><style:tab-stop style:type="left" style:position="2in"/><style:tab-stop style:type="left" style:position="2.5in"/><style:tab-stop style:type="left" style:position="3in"/><style:tab-stop style:type="left" style:position="3.5in"/><style:tab-stop style:type="left" style:position="4in"/><style:tab-stop style:type="left" style:position="4.5in"/><style:tab-stop style:type="left" style:position="5in"/><style:tab-stop style:type="left" style:position="5.5in"/><style:tab-stop style:type="left" style:position="6in"/><style:tab-stop style:type="left" style:position="6.5in"/><style:tab-stop style:type="left" style:position="7in"/></style:tab-stops></style:paragraph-properties></style:style><style:style style:name="P14" style:parent-style-name="Overviewbullets" style:family="paragraph"><style:paragraph-properties><style:tab-stops><style:tab-stop style:type="left" style:position="0in"/><style:tab-stop style:type="left" style:position="0.25in"/><style:tab-stop style:type="left" style:position="0.75in"/><style:tab-stop style:type="left" style:position="1.25in"/><style:tab-stop style:type="left" style:position="1.75in"/><style:tab-stop style:type="left" style:position="2.25in"/><style:tab-stop style:type="left" style:position="2.75in"/><style:tab-stop style:type="left" style:position="3.25in"/><style:tab-stop style:type="left" style:position="3.75in"/><style:tab-stop style:type="left" style:position="4.25in"/><style:tab-stop style:type="left" style:position="4.75in"/><style:tab-stop style:type="left" style:position="5.25in"/><style:tab-stop style:type="left" style:position="5.75in"/><style:tab-stop style:type="left" style:position="6.25in"/></style:tab-stops></style:paragraph-properties></style:style><style:style style:name="P15" style:parent-style-name="ResumeHeadings" style:family="paragraph"><style:paragraph-properties><style:tab-stops><style:tab-stop style:type="left" style:position="0.5in"/><style:tab-stop style:type="left" style:position="1in"/><style:tab-stop style:type="left" style:position="1.5in"/><style:tab-stop style:type="left" style:position="2in"/><style:tab-stop style:type="left" style:position="2.5in"/><style:tab-stop style:type="left" style:position="3in"/><style:tab-stop style:type="left" style:position="3.5in"/><style:tab-stop style:type="left" style:position="4in"/><style:tab-stop style:type="left" style:position="4.5in"/><style:tab-stop style:type="left" style:position="5in"/><style:tab-stop style:type="left" style:position="5.5in"/><style:tab-stop style:type="left" style:position="6in"/><style:tab-stop style:type="left" style:position="6.5in"/><style:tab-stop style:type="left" style:position="7in"/></style:tab-stops></style:paragraph-properties></style:style><style:style style:name="P16" style:parent-style-name="Overviewbullets" style:family="paragraph"><style:paragraph-properties><style:tab-stops><style:tab-stop style:type="left" style:position="0in"/><style:tab-stop style:type="left" style:position="0.25in"/><style:tab-stop style:type="left" style:position="0.75in"/><style:tab-stop style:type="left" style:position="1.25in"/><style:tab-stop style:type="left" style:position="1.75in"/><style:tab-stop style:type="left" style:position="2.25in"/><style:tab-stop style:type="left" style:position="2.75in"/><style:tab-stop style:type="left" style:position="3.25in"/><style:tab-stop style:type="left" style:position="3.75in"/><style:tab-stop style:type="left" style:position="4.25in"/><style:tab-stop style:type="left" style:position="4.75in"/><style:tab-stop style:type="left" style:position="5.25in"/><style:tab-stop style:type="left" style:position="5.75in"/><style:tab-stop style:type="left" style:position="6.25in"/></style:tab-stops></style:paragraph-properties></style:style><style:style style:name="P17" style:parent-style-name="Overviewbullets" style:family="paragraph"><style:paragraph-properties><style:tab-stops><style:tab-stop style:type="left" style:position="0in"/><style:tab-stop style:type="left" style:position="0.25in"/><style:tab-stop style:type="left" style:position="0.75in"/><style:tab-stop style:type="left" style:position="1.25in"/><style:tab-stop style:type="left" style:position="1.75in"/><style:tab-stop style:type="left" style:position="2.25in"/><style:tab-stop style:type="left" style:position="2.75in"/><style:tab-stop style:type="left" style:position="3.25in"/><style:tab-stop style:type="left" style:position="3.75in"/><style:tab-stop style:type="left" style:position="4.25in"/><style:tab-stop style:type="left" style:position="4.75in"/><style:tab-stop style:type="left" style:position="5.25in"/><style:tab-stop style:type="left" style:position="5.75in"/><style:tab-stop style:type="left" style:position="6.25in"/></style:tab-stops></style:paragraph-properties></style:style><style:style style:name="P18" style:parent-style-name="ResumeHeadings" style:family="paragraph"><style:paragraph-properties><style:tab-stops><style:tab-stop style:type="left" style:position="0.5in"/><style:tab-stop style:type="left" style:position="1in"/><style:tab-stop style:type="left" style:position="1.5in"/><style:tab-stop style:type="left" style:position="2in"/><style:tab-stop style:type="left" style:position="2.5in"/><style:tab-stop style:type="left" style:position="3in"/><style:tab-stop style:type="left" style:position="3.5in"/><style:tab-stop style:type="left" style:position="4in"/><style:tab-stop style:type="left" style:position="4.5in"/><style:tab-stop style:type="left" style:position="5in"/><style:tab-stop style:type="left" style:position="5.5in"/><style:tab-stop style:type="left" style:position="6in"/><style:tab-stop style:type="left" style:position="6.5in"/><style:tab-stop style:type="left" style:position="7in"/></style:tab-stops></style:paragraph-properties></style:style><style:style style:name="P19" style:parent-style-name="Overviewbullets" style:family="paragraph"><style:paragraph-properties><style:tab-stops><style:tab-stop style:type="left" style:position="0in"/><style:tab-stop style:type="left" style:position="0.25in"/><style:tab-stop style:type="left" style:position="0.75in"/><style:tab-stop style:type="left" style:position="1.25in"/><style:tab-stop style:type="left" style:position="1.75in"/><style:tab-stop style:type="left" style:position="2.25in"/><style:tab-stop style:type="left" style:position="2.75in"/><style:tab-stop style:type="left" style:position="3.25in"/><style:tab-stop style:type="left" style:position="3.75in"/><style:tab-stop style:type="left" style:position="4.25in"/><style:tab-stop style:type="left" style:position="4.75in"/><style:tab-stop style:type="left" style:position="5.25in"/><style:tab-stop style:type="left" style:position="5.75in"/><style:tab-stop style:type="left" style:position="6.25in"/></style:tab-stops></style:paragraph-properties></style:style><style:style style:name="P20" style:parent-style-name="Overviewbullets" style:family="paragraph"><style:paragraph-properties><style:tab-stops><style:tab-stop style:type="left" style:position="0in"/><style:tab-stop style:type="left" style:position="0.25in"/><style:tab-stop style:type="left" style:position="0.75in"/><style:tab-stop style:type="left" style:position="1.25in"/><style:tab-stop style:type="left" style:position="1.75in"/><style:tab-stop style:type="left" style:position="2.25in"/><style:tab-stop style:type="left" style:position="2.75in"/><style:tab-stop style:type="left" style:position="3.25in"/><style:tab-stop style:type="left" style:position="3.75in"/><style:tab-stop style:type="left" style:position="4.25in"/><style:tab-stop style:type="left" style:position="4.75in"/><style:tab-stop style:type="left" style:position="5.25in"/><style:tab-stop style:type="left" style:position="5.75in"/><style:tab-stop style:type="left" style:position="6.25in"/></style:tab-stops></style:paragraph-properties></style:style><style:style style:name="P21" style:parent-style-name="Overviewbullets" style:family="paragraph"><style:paragraph-properties><style:tab-stops><style:tab-stop style:type="left" style:position="0in"/><style:tab-stop style:type="left" style:position="0.25in"/><style:tab-stop style:type="left" style:position="0.75in"/><style:tab-stop style:type="left" style:position="1.25in"/><style:tab-stop style:type="left" style:position="1.75in"/><style:tab-stop style:type="left" style:position="2.25in"/><style:tab-stop style:type="left" style:position="2.75in"/><style:tab-stop style:type="left" style:position="3.25in"/><style:tab-stop style:type="left" style:position="3.75in"/><style:tab-stop style:type="left" style:position="4.25in"/><style:tab-stop style:type="left" style:position="4.75in"/><style:tab-stop style:type="left" style:position="5.25in"/><style:tab-stop style:type="left" style:position="5.75in"/><style:tab-stop style:type="left" style:position="6.25in"/></style:tab-stops></style:paragraph-properties></style:style><style:style style:name="P22" style:parent-style-name="ResumeHeadings" style:family="paragraph"><style:paragraph-properties><style:tab-stops><style:tab-stop style:type="left" style:position="0.5in"/><style:tab-stop style:type="left" style:position="1in"/><style:tab-stop style:type="left" style:position="1.5in"/><style:tab-stop style:type="left" style:position="2in"/><style:tab-stop style:type="left" style:position="2.5in"/><style:tab-stop style:type="left" style:position="3in"/><style:tab-stop style:type="left" style:position="3.5in"/><style:tab-stop style:type="left" style:position="4in"/><style:tab-stop style:type="left" style:position="4.5in"/><style:tab-stop style:type="left" style:position="5in"/><style:tab-stop style:type="left" style:position="5.5in"/><style:tab-stop style:type="left" style:position="6in"/><style:tab-stop style:type="left" style:position="6.5in"/><style:tab-stop style:type="left" style:position="7in"/></style:tab-stops></style:paragraph-properties></style:style><style:style style:name="P23" style:parent-style-name="Overviewbullets" style:family="paragraph"><style:paragraph-properties><style:tab-stops><style:tab-stop style:type="left" style:position="0in"/><style:tab-stop style:type="left" style:position="0.25in"/><style:tab-stop style:type="left" style:position="0.75in"/><style:tab-stop style:type="left" style:position="1.25in"/><style:tab-stop style:type="left" style:position="1.75in"/><style:tab-stop style:type="left" style:position="2.25in"/><style:tab-stop style:type="left" style:position="2.75in"/><style:tab-stop style:type="left" style:position="3.25in"/><style:tab-stop style:type="left" style:position="3.75in"/><style:tab-stop style:type="left" style:position="4.25in"/><style:tab-stop style:type="left" style:position="4.75in"/><style:tab-stop style:type="left" style:position="5.25in"/><style:tab-stop style:type="left" style:position="5.75in"/><style:tab-stop style:type="left" style:position="6.25in"/></style:tab-stops></style:paragraph-properties></style:style><style:style style:name="P24" style:parent-style-name="Overviewbullets" style:family="paragraph"><style:paragraph-properties><style:tab-stops><style:tab-stop style:type="left" style:position="0.5in"/><style:tab-stop style:type="left" style:position="1in"/><style:tab-stop style:type="left" style:position="1.5in"/><style:tab-stop style:type="left" style:position="2in"/><style:tab-stop style:type="left" style:position="2.5in"/><style:tab-stop style:type="left" style:position="3in"/><style:tab-stop style:type="left" style:position="3.5in"/><style:tab-stop style:type="left" style:position="4in"/><style:tab-stop style:type="left" style:position="4.5in"/><style:tab-stop style:type="left" style:position="5in"/><style:tab-stop style:type="left" style:position="5.5in"/><style:tab-stop style:type="left" style:position="6in"/><style:tab-stop style:type="left" style:position="6.5in"/></style:tab-stops></style:paragraph-properties></style:style></office:automatic-styles><office:body><office:text text:use-soft-page-breaks="true"><text:p text:style-name="P1"><text:s/></text:p><text:p text:style-name="P4"/><text:p text:style-name="P5"><text:s/>, ,<text:s/></text:p><text:p text:style-name="P6"/><text:p text:style-name="P7"/><text:p text:style-name="P8">Work Experience</text:p><text:p text:style-name="P9">Company Name, Dates of Employment</text:p><text:list text:style-name="LFO2" text:continue-numbering="true"><text:list-item><text:p text:style-name="P10">Job Title, description, responsibilities</text:p></text:list-item></text:list><text:p text:style-name="P11">Company Name, Dates of Employment</text:p><text:list text:style-name="LFO2" text:continue-numbering="true"><text:list-item><text:p text:style-name="P12">Job Title, description, responsibilities</text:p></text:list-item></text:list><text:p text:style-name="P13">Company Name, Dates of Employment</text:p><text:list text:style-name="LFO2" text:continue-numbering="true"><text:list-item><text:p text:style-name="P14">Job Title, description, responsibilities</text:p></text:list-item></text:list><text:p text:style-name="P15">Education</text:p><text:list text:style-name="LFO2" text:continue-numbering="true"><text:list-item><text:p text:style-name="P16">School Name – School City, State</text:p></text:list-item><text:list-item><text:p text:style-name="P17">Dates of attendance</text:p></text:list-item></text:list><text:p text:style-name="P18">Achievements/Awards</text:p><text:list text:style-name="LFO2" text:continue-numbering="true"><text:list-item><text:p text:style-name="P19">List employment, academic or other achievements</text:p></text:list-item><text:list-item><text:p text:style-name="P20">List employment, academic or other achievements</text:p></text:list-item><text:list-item><text:p text:style-name="P21">List employment, academic or other achievements</text:p></text:list-item></text:list><text:p text:style-name="P22">Skills</text:p><text:list text:style-name="LFO2" text:continue-numbering="true"><text:list-item><text:p text:style-name="P23">List computer, language or other personal skills here</text:p></text:list-item></text:list><text:p text:style-name="P24">List computer, language or other personal skills here</text:p></office:text></office:body></office:document-content>