<?xml version="1.0" encoding="UTF-8" standalone="yes"?>
<office:document-styles xmlns:anim="urn:oasis:names:tc:opendocument:xmlns:animation:1.0" xmlns:chart="urn:oasis:names:tc:opendocument:xmlns:chart:1.0" xmlns:config="urn:oasis:names:tc:opendocument:xmlns:config:1.0" xmlns:dc="http://purl.org/dc/elements/1.1/" xmlns:dr3d="urn:oasis:names:tc:opendocument:xmlns:dr3d:1.0" xmlns:draw="urn:oasis:names:tc:opendocument:xmlns:drawing:1.0" xmlns:fo="urn:oasis:names:tc:opendocument:xmlns:xsl-fo-compatible:1.0" xmlns:form="urn:oasis:names:tc:opendocument:xmlns:form:1.0" xmlns:math="http://www.w3.org/1998/Math/MathML" xmlns:meta="urn:oasis:names:tc:opendocument:xmlns:meta:1.0" xmlns:number="urn:oasis:names:tc:opendocument:xmlns:datastyle:1.0" xmlns:office="urn:oasis:names:tc:opendocument:xmlns:office:1.0" xmlns:presentation="urn:oasis:names:tc:opendocument:xmlns:presentation:1.0" xmlns:script="urn:oasis:names:tc:opendocument:xmlns:script:1.0" xmlns:smil="urn:oasis:names:tc:opendocument:xmlns:smil-compatible:1.0" xmlns:style="urn:oasis:names:tc:opendocument:xmlns:style:1.0" xmlns:svg="urn:oasis:names:tc:opendocument:xmlns:svg-compatible:1.0" xmlns:table="urn:oasis:names:tc:opendocument:xmlns:table:1.0" xmlns:text="urn:oasis:names:tc:opendocument:xmlns:text:1.0" xmlns:xforms="http://www.w3.org/2002/xforms" xmlns:xlink="http://www.w3.org/1999/xlink"><office:font-face-decls><style:font-face style:name="Arial" svg:font-family="Arial" style:font-family-generic="swiss" style:font-pitch="variable" svg:panose-1="2 11 6 4 2 2 2 2 2 4"/><style:font-face style:name="Times New Roman" svg:font-family="Times New Roman" style:font-family-generic="roman" style:font-pitch="variable" svg:panose-1="2 2 6 3 5 4 5 2 3 4"/><style:font-face style:name="Verdana" svg:font-family="Verdana" style:font-family-generic="swiss" style:font-pitch="variable" svg:panose-1="2 11 6 4 3 5 4 4 2 4"/><style:font-face style:name="Courier New" svg:font-family="Courier New" style:font-family-generic="modern" style:font-pitch="fixed" svg:panose-1="2 7 3 9 2 2 5 2 4 4"/><style:font-face style:name="Cambria" svg:font-family="Cambria" style:font-family-generic="roman" style:font-pitch="variable" svg:panose-1="2 4 5 3 5 4 6 3 2 4"/><style:font-face style:name="Tahoma" svg:font-family="Tahoma" style:font-family-generic="swiss" style:font-pitch="variable" svg:panose-1="2 11 6 4 3 5 4 4 2 4"/><style:font-face style:name="Symbol" style:font-charset="x-symbol" svg:font-family="Symbol" style:font-family-generic="roman" style:font-pitch="variable" svg:panose-1="5 5 1 2 1 7 6 2 5 7"/><style:font-face style:name="Calibri" svg:font-family="Calibri" style:font-family-generic="swiss" style:font-pitch="variable" svg:panose-1="2 15 5 2 2 2 4 3 2 4"/></office:font-face-decls><office:styles><style:default-style style:family="table"><style:table-properties fo:margin-left="0in" table:border-model="collapsing" style:writing-mode="lr-tb" table:align="left"/></style:default-style><style:default-style style:family="table-column"><style:table-column-properties style:use-optimal-column-width="true"/></style:default-style><style:default-style style:family="table-row"><style:table-row-properties style:min-row-height="0in" style:use-optimal-row-height="true" fo:keep-together="auto"/></style:default-style><style:default-style style:family="table-cell"><style:table-cell-properties fo:background-color="transparent" style:glyph-orientation-vertical="auto" style:vertical-align="top" fo:wrap-option="wrap"/></style:default-style><style:default-style style:family="paragraph"><style:paragraph-properties fo:keep-with-next="auto" fo:keep-together="auto" fo:widows="2" fo:orphans="2" fo:break-before="auto" text:number-lines="true" fo:border="none" fo:padding="0in" style:shadow="none" style:line-break="strict" style:punctuation-wrap="hanging" style:text-autospace="ideograph-alpha" style:snap-to-layout-grid="true" fo:text-align="start" style:writing-mode="lr-tb" fo:margin-bottom="0.1388in" fo:line-height="115%" fo:background-color="transparent" style:tab-stop-distance="0.5in"/><style:text-properties style:font-name="Arial" style:font-name-asian="Times New Roman" style:font-name-complex="Times New Roman" fo:font-weight="normal" style:font-weight-asian="normal" style:font-weight-complex="normal" fo:font-style="normal" style:font-style-asian="normal" style:font-style-complex="normal" fo:text-transform="none" fo:font-variant="normal" style:text-line-through-type="none" style:text-outline="false" fo:text-shadow="none" style:font-relief="none" style:use-window-font-color="true" fo:letter-spacing="normal" style:text-scale="100%" style:letter-kerning="false" style:text-position="0% 100%" fo:font-size="12pt" style:font-size-asian="12pt" style:font-size-complex="10pt" fo:background-color="transparent" style:text-underline-type="none" style:text-underline-color="font-color" style:text-emphasize="none" fo:language="en" fo:country="US" style:language-asian="en" style:country-asian="US" style:language-complex="ar" style:country-complex="SA" style:text-combine="none" fo:hyphenate="true"/></style:default-style><style:style style:name="Heading1" style:display-name="Heading 1" style:family="paragraph" style:parent-style-name="Normal" style:next-style-name="Normal" style:default-outline-level="1"><style:paragraph-properties fo:keep-with-next="always" fo:text-align="center"/><style:text-properties fo:font-weight="bold" style:font-weight-asian="bold" fo:font-size="11pt" style:font-size-asian="11pt" style:text-underline-type="single" style:text-underline-style="solid" style:text-underline-width="auto" style:text-underline-mode="continuous" fo:hyphenate="false"/></style:style><style:style style:name="Heading2" style:display-name="Heading 2" style:family="paragraph" style:parent-style-name="Normal" style:next-style-name="Normal" style:default-outline-level="2"><style:paragraph-properties fo:keep-with-next="always"><style:tab-stops><style:tab-stop style:type="right" style:position="6.5in"/></style:tab-stops></style:paragraph-properties><style:text-properties fo:font-weight="bold" style:font-weight-asian="bold" fo:font-size="11pt" style:font-size-asian="11pt" style:text-underline-type="single" style:text-underline-style="solid" style:text-underline-width="auto" style:text-underline-mode="continuous" fo:hyphenate="false"/></style:style><style:style style:name="Heading3" style:display-name="Heading 3" style:family="paragraph" style:parent-style-name="Normal" style:next-style-name="Normal" style:default-outline-level="3"><style:paragraph-properties fo:keep-with-next="always" fo:text-align="center"><style:tab-stops><style:tab-stop style:type="right" style:position="6.5in"/></style:tab-stops></style:paragraph-properties><style:text-properties fo:font-weight="bold" style:font-weight-asian="bold" fo:font-size="11pt" style:font-size-asian="11pt" fo:hyphenate="false"/></style:style><style:style style:name="Heading5" style:display-name="Heading 5" style:family="paragraph" style:parent-style-name="Normal" style:next-style-name="Normal" style:default-outline-level="5"><style:paragraph-properties fo:keep-with-next="always"/><style:text-properties fo:font-weight="bold" style:font-weight-asian="bold" style:text-underline-type="single" style:text-underline-style="solid" style:text-underline-width="auto" style:text-underline-mode="continuous" fo:hyphenate="false"/></style:style><style:style style:name="Heading6" style:display-name="Heading 6" style:family="paragraph" style:parent-style-name="Normal" style:next-style-name="Normal" style:default-outline-level="6"><style:paragraph-properties fo:keep-with-next="always"><style:tab-stops><style:tab-stop style:type="right" style:position="6.5in"/></style:tab-stops></style:paragraph-properties><style:text-properties fo:font-weight="bold" style:font-weight-asian="bold" fo:font-size="11pt" style:font-size-asian="11pt" fo:hyphenate="false"/></style:style><style:style style:name="Heading7" style:display-name="Heading 7" style:family="paragraph" style:parent-style-name="Normal" style:next-style-name="Normal" style:default-outline-level="7"><style:paragraph-properties fo:keep-with-next="always" fo:text-align="justify"><style:tab-stops><style:tab-stop style:type="right" style:position="6.5in"/></style:tab-stops></style:paragraph-properties><style:text-properties fo:font-weight="bold" style:font-weight-asian="bold" fo:font-size="11pt" style:font-size-asian="11pt" fo:hyphenate="false"/></style:style><style:style style:name="Normal" style:display-name="Normal" style:family="paragraph"><style:paragraph-properties><style:tab-stops/></style:paragraph-properties><style:text-properties style:font-name="Verdana" style:font-name-asian="Verdana" fo:font-size="10pt" style:font-size-asian="10pt" fo:hyphenate="false"/></style:style><style:style style:name="DefaultParagraphFont" style:display-name="Default Paragraph Font" style:family="text"/><style:style style:name="Normal0" style:display-name="[Normal]" style:family="paragraph"><style:paragraph-properties fo:margin-bottom="0in" fo:line-height="100%"><style:tab-stops><style:tab-stop style:type="left" style:position="0.7875in"/><style:tab-stop style:type="left" style:position="1.575in"/><style:tab-stop style:type="left" style:position="2.3625in"/><style:tab-stop style:type="left" style:position="3.15in"/><style:tab-stop style:type="left" style:position="3.9375in"/><style:tab-stop style:type="left" style:position="4.725in"/><style:tab-stop style:type="left" style:position="5.5125in"/><style:tab-stop style:type="left" style:position="6.3in"/><style:tab-stop style:type="left" style:position="7.0875in"/><style:tab-stop style:type="left" style:position="7.875in"/><style:tab-stop style:type="left" style:position="8.6625in"/><style:tab-stop style:type="left" style:position="9.45in"/><style:tab-stop style:type="left" style:position="10.2375in"/><style:tab-stop style:type="left" style:position="11.025in"/></style:tab-stops></style:paragraph-properties><style:text-properties style:font-name-asian="Arial" fo:hyphenate="false"/></style:style><style:style style:name="Header" style:display-name="Header" style:family="paragraph" style:parent-style-name="Normal"><style:paragraph-properties><style:tab-stops><style:tab-stop style:type="center" style:position="3.25in"/><style:tab-stop style:type="right" style:position="6.5in"/></style:tab-stops></style:paragraph-properties><style:text-properties fo:hyphenate="false"/></style:style><style:style style:name="Footer" style:display-name="Footer" style:family="paragraph" style:parent-style-name="Normal"><style:paragraph-properties><style:tab-stops><style:tab-stop style:type="center" style:position="3.25in"/><style:tab-stop style:type="right" style:position="6.5in"/></style:tab-stops></style:paragraph-properties><style:text-properties fo:hyphenate="false"/></style:style><style:style style:name="PlainText" style:display-name="Plain Text" style:family="paragraph" style:parent-style-name="Normal"><style:text-properties style:font-name="Courier New" style:font-name-asian="Courier New" fo:hyphenate="false"/></style:style><style:style style:name="Name" style:display-name="Name" style:family="paragraph" style:parent-style-name="PlainText"><style:paragraph-properties fo:text-align="center" fo:margin-top="0.25in" fo:margin-bottom="0.0555in"/><style:text-properties style:font-name="Cambria" style:font-name-asian="Cambria" fo:font-weight="bold" style:font-weight-asian="bold" fo:font-size="19pt" style:font-size-asian="19pt" fo:hyphenate="false"/></style:style><style:style style:name="Overviewbullets" style:display-name="Overview bullets" style:family="paragraph" style:parent-style-name="PlainText" style:list-style-name="LFO1"><style:paragraph-properties fo:text-align="justify" fo:margin-top="0.125in" fo:margin-bottom="0.125in"><style:tab-stops><style:tab-stop style:type="left" style:position="0in"/></style:tab-stops></style:paragraph-properties><style:text-properties style:font-name="Cambria" style:font-name-asian="Cambria" fo:font-size="9.5pt" style:font-size-asian="9.5pt" fo:hyphenate="false"/></style:style><style:style style:name="Address" style:display-name="Address" style:family="paragraph" style:parent-style-name="Overviewbullets"><style:paragraph-properties fo:text-align="center" fo:margin-top="0in" fo:margin-bottom="0in" fo:margin-left="0.75in"><style:tab-stops/></style:paragraph-properties><style:text-properties fo:hyphenate="false"/></style:style><style:style style:name="ResumeHeadings" style:display-name="Resume Headings" style:family="paragraph" style:parent-style-name="PlainText"><style:paragraph-properties fo:border-top="none" fo:border-left="none" fo:border-bottom="0.0208in double #000000" style:border-line-width-bottom="0.0069in 0.0069in 0.0069in" fo:border-right="none" fo:padding-top="0in" fo:padding-left="0in" fo:padding-bottom="0.0138in" fo:padding-right="0in" style:shadow="none" fo:margin-top="0.3333in" fo:margin-bottom="0.0833in"/><style:text-properties style:font-name="Cambria" style:font-name-asian="Cambria" fo:font-weight="bold" style:font-weight-asian="bold" fo:font-size="12pt" style:font-size-asian="12pt" fo:hyphenate="false"/></style:style><style:style style:name="Location" style:display-name="Location" style:family="paragraph" style:parent-style-name="PlainText" style:next-style-name="PlainText"><style:text-properties style:font-name="Verdana" style:font-name-asian="Verdana" fo:font-size="9.5pt" style:font-size-asian="9.5pt" fo:hyphenate="false"/></style:style><style:style style:name="BusinessNameDates" style:display-name="Business Name &amp; Dates" style:family="paragraph" style:parent-style-name="Location"><style:paragraph-properties fo:margin-top="0.1666in"/><style:text-properties style:font-name="Cambria" style:font-name-asian="Cambria" fo:font-weight="bold" style:font-weight-asian="bold" fo:hyphenate="false"/></style:style><style:style style:name="Dates" style:display-name="Dates" style:family="paragraph" style:parent-style-name="Location"><style:paragraph-properties fo:text-align="end"/><style:text-properties fo:hyphenate="false"/></style:style><style:style style:name="JobText" style:display-name="Job Text" style:family="paragraph" style:parent-style-name="PlainText"><style:paragraph-properties fo:text-align="justify" fo:margin-top="0.0416in" fo:margin-bottom="0.0416in"/><style:text-properties style:font-name="Verdana" style:font-name-asian="Verdana" fo:font-size="9.5pt" style:font-size-asian="9.5pt" fo:hyphenate="false"/></style:style><style:style style:name="JobTitlebold" style:display-name="Job Title bold" style:family="paragraph" style:parent-style-name="JobText"><style:paragraph-properties fo:text-align="start" fo:margin-top="0.0833in" fo:margin-bottom="0in"/><style:text-properties fo:font-weight="bold" style:font-weight-asian="bold" fo:hyphenate="false"/></style:style><style:style style:name="SectionHeader" style:display-name="Section Header" style:family="paragraph" style:parent-style-name="PlainText"><style:paragraph-properties fo:keep-with-next="always" fo:border-top="none" fo:border-left="none" fo:border-bottom="0.0138in solid #000000" fo:border-right="none" fo:padding-top="0in" fo:padding-left="0in" fo:padding-bottom="0.0138in" fo:padding-right="0in" style:shadow="none" fo:text-align="center" fo:margin-top="0.1041in" fo:margin-bottom="0.1041in"/><style:text-properties style:font-name="Verdana" style:font-name-asian="Verdana" fo:font-weight="bold" style:font-weight-asian="bold" fo:font-size="12pt" style:font-size-asian="12pt" fo:hyphenate="false"/></style:style><style:style style:name="SkillsInfo" style:display-name="Skills Info" style:family="paragraph" style:parent-style-name="PlainText" style:next-style-name="PlainText"><style:text-properties style:font-name="Verdana" style:font-name-asian="Verdana" fo:font-size="9.5pt" style:font-size-asian="9.5pt" fo:hyphenate="false"/></style:style><style:style style:name="PlainTextChar" style:display-name="Plain Text Char" style:family="text"><style:text-properties style:font-name="Courier New" style:font-name-asian="Courier New"/></style:style><style:style style:name="JobTextChar" style:display-name="Job Text Char" style:family="text" style:parent-style-name="PlainTextChar"><style:text-properties style:font-name="Verdana" style:font-name-asian="Verdana" fo:font-size="9.5pt" style:font-size-asian="9.5pt"/></style:style><style:style style:name="JobTitleboldCharChar" style:display-name="Job Title bold Char Char" style:family="text" style:parent-style-name="JobTextChar"><style:text-properties style:font-name="Verdana" style:font-name-asian="Verdana" fo:font-weight="bold" style:font-weight-asian="bold" fo:font-size="9.5pt" style:font-size-asian="9.5pt"/></style:style><style:style style:name="Title" style:display-name="Title" style:family="paragraph" style:parent-style-name="Normal"><style:paragraph-properties fo:text-align="center"/><style:text-properties fo:font-weight="bold" style:font-weight-asian="bold" fo:hyphenate="false"/></style:style><style:style style:name="Hyperlink" style:display-name="Hyperlink" style:family="text"><style:text-properties fo:color="#0000FF" style:text-underline-type="single" style:text-underline-style="solid" style:text-underline-width="auto" style:text-underline-mode="continuous"/></style:style><style:style style:name="BodyText" style:display-name="Body Text" style:family="paragraph" style:parent-style-name="Normal"><style:text-properties fo:font-size="11pt" style:font-size-asian="11pt" fo:hyphenate="false"/></style:style><style:style style:name="FollowedHyperlink" style:display-name="FollowedHyperlink" style:family="text"><style:text-properties fo:color="#800080" style:text-underline-type="single" style:text-underline-style="solid" style:text-underline-width="auto" style:text-underline-mode="continuous"/></style:style><style:style style:name="HeaderChar" style:display-name="Header Char" style:family="text"><style:text-properties fo:font-size="12pt" style:font-size-asian="12pt"/></style:style><style:style style:name="FooterChar" style:display-name="Footer Char" style:family="text"><style:text-properties fo:font-size="12pt" style:font-size-asian="12pt"/></style:style><style:style style:name="SubmitResume" style:display-name="Submit Resume" style:family="paragraph" style:parent-style-name="Normal"><style:paragraph-properties fo:margin-top="0.0694in"/><style:text-properties fo:font-style="italic" style:font-style-asian="italic" fo:color="#333399" fo:font-size="8pt" style:font-size-asian="8pt" fo:hyphenate="false"/></style:style><style:style style:name="BalloonText" style:display-name="Balloon Text" style:family="paragraph" style:parent-style-name="Normal"><style:text-properties style:font-name="Tahoma" style:font-name-asian="Tahoma" fo:font-size="8pt" style:font-size-asian="8pt" fo:hyphenate="false"/></style:style><style:style style:name="BalloonTextChar" style:display-name="Balloon Text Char" style:family="text"><style:text-properties style:font-name="Tahoma" style:font-name-asian="Tahoma" fo:font-size="8pt" style:font-size-asian="8pt"/></style:style><style:style style:name="ListParagraph" style:display-name="List Paragraph" style:family="paragraph" style:parent-style-name="Normal"><style:paragraph-properties fo:margin-left="0.5in"><style:tab-stops/></style:paragraph-properties><style:text-properties style:font-name="Times New Roman" style:font-name-asian="Times New Roman" fo:font-size="12pt" style:font-size-asian="12pt" fo:hyphenate="false"/></style:style><text:notes-configuration text:note-class="footnote" text:start-value="0" style:num-format="1" text:start-numbering-at="document" text:footnotes-position="page"/><text:notes-configuration text:note-class="endnote" text:start-value="0" style:num-format="i" text:start-numbering-at="document" text:footnotes-position="document"/><text:outline-style><text:outline-level-style text:level="1" style:num-format=""/><text:outline-level-style text:level="2" style:num-format=""/><text:outline-level-style text:level="3" style:num-format=""/><text:outline-level-style text:level="5" style:num-format=""/><text:outline-level-style text:level="6" style:num-format=""/><text:outline-level-style text:level="7" style:num-format=""/></text:outline-style><style:style style:name="WW_CharLFO1LVL1" style:family="text"><style:text-properties style:font-name="Symbol" style:font-name-asian="Symbol" fo:font-weight="normal" style:font-weight-asian="normal" fo:font-style="normal" style:font-style-asian="normal" style:text-line-through-type="none" style:use-window-font-color="true" style:text-position="0% 100%" fo:font-size="9.5pt" style:font-size-asian="9.5pt" fo:background-color="transparent" style:text-underline-type="none"/></style:style><text:list-style style:name="LFO1"><text:list-level-style-bullet text:level="1" text:style-name="WW_CharLFO1LVL1" text:bullet-char=""><style:list-level-properties text:space-before="0in" text:min-label-width="0.25in"/><style:text-properties style:font-name="Symbol"/></text:list-level-style-bullet></text:list-style><style:style style:name="WW_CharLFO2LVL1" style:family="text"><style:text-properties style:font-name="Symbol" style:font-name-asian="Symbol" fo:font-weight="normal" style:font-weight-asian="normal" fo:font-style="normal" style:font-style-asian="normal" style:text-line-through-type="none" style:use-window-font-color="true" style:text-position="0% 100%" fo:font-size="9.5pt" style:font-size-asian="9.5pt" fo:background-color="transparent" style:text-underline-type="none"/></style:style><style:default-style style:family="graphic"><style:graphic-properties draw:fill="solid" draw:fill-color="#4f81bd" draw:opacity="100%" draw:stroke="solid" svg:stroke-width="0.02778in" svg:stroke-color="#385d8a" svg:stroke-opacity="100%"/></style:default-style></office:styles><office:automatic-styles><text:list-style style:name="LFO2"><text:list-level-style-bullet text:level="1" text:style-name="WW_CharLFO2LVL1" text:bullet-char=""><style:list-level-properties text:space-before="0in" text:min-label-width="0.25in"/><style:text-properties style:font-name="Symbol"/></text:list-level-style-bullet></text:list-style><style:page-layout style:name="PL0"><style:page-layout-properties fo:page-width="8.5in" fo:page-height="11in" style:print-orientation="portrait" fo:margin-top="0.125in" fo:margin-left="0.625in" fo:margin-bottom="0.5in" fo:margin-right="0.625in" style:num-format="1" style:writing-mode="lr-tb"><style:footnote-sep style:width="0.007in" style:rel-width="33%" style:color="#000000" style:line-style="solid" style:adjustment="left"/></style:page-layout-properties><style:header-style><style:header-footer-properties style:dynamic-spacing="true" fo:min-height="0.425in"/></style:header-style><style:footer-style><style:header-footer-properties style:dynamic-spacing="true" fo:min-height="0in"/></style:footer-style></style:page-layout><style:style style:name="P2" style:parent-style-name="Header" style:family="paragraph"><style:paragraph-properties><style:tab-stops><style:tab-stop style:type="center" style:position="3.25in"/><style:tab-stop style:type="right" style:position="6.5in"/><style:tab-stop style:type="left" style:position="7in"/><style:tab-stop style:type="left" style:position="7.5in"/><style:tab-stop style:type="left" style:position="8in"/><style:tab-stop style:type="left" style:position="8.5in"/><style:tab-stop style:type="left" style:position="9in"/><style:tab-stop style:type="left" style:position="9.5in"/><style:tab-stop style:type="left" style:position="10in"/><style:tab-stop style:type="left" style:position="10.5in"/><style:tab-stop style:type="left" style:position="11in"/><style:tab-stop style:type="left" style:position="11.5in"/><style:tab-stop style:type="left" style:position="12in"/><style:tab-stop style:type="left" style:position="12.5in"/></style:tab-stops></style:paragraph-properties></style:style><style:style style:name="P3" style:parent-style-name="Footer" style:family="paragraph"><style:paragraph-properties><style:tab-stops><style:tab-stop style:type="center" style:position="3.25in"/><style:tab-stop style:type="right" style:position="6.5in"/><style:tab-stop style:type="left" style:position="7in"/><style:tab-stop style:type="left" style:position="7.5in"/><style:tab-stop style:type="left" style:position="8in"/><style:tab-stop style:type="left" style:position="8.5in"/><style:tab-stop style:type="left" style:position="9in"/><style:tab-stop style:type="left" style:position="9.5in"/><style:tab-stop style:type="left" style:position="10in"/><style:tab-stop style:type="left" style:position="10.5in"/><style:tab-stop style:type="left" style:position="11in"/><style:tab-stop style:type="left" style:position="11.5in"/><style:tab-stop style:type="left" style:position="12in"/><style:tab-stop style:type="left" style:position="12.5in"/></style:tab-stops></style:paragraph-properties></style:style></office:automatic-styles><office:master-styles><style:master-page style:name="MP0" style:page-layout-name="PL0"><style:header><text:p text:style-name="P2"/></style:header><style:footer><text:p text:style-name="P3"/></style:footer></style:master-page></office:master-styles></office:document-styles>